date,year,month,gpr_global,gpr_historical,GPRHC_ARG,GPRHC_AUS,GPRHC_BEL,GPRHC_BRA,GPRHC_CAN,GPRHC_CHE,GPRHC_CHL,GPRHC_CHN,GPRHC_COL,GPRHC_DEU,GPRHC_DNK,GPRHC_EGY,GPRHC_ESP,GPRHC_FIN,GPRHC_FRA,GPRHC_GBR,GPRHC_HKG,GPRHC_HUN,GPRHC_IDN,GPRHC_IND,GPRHC_ISR,GPRHC_ITA,GPRHC_JPN,GPRHC_KOR,GPRHC_MEX,GPRHC_MYS,GPRHC_NLD,GPRHC_NOR,GPRHC_PER,GPRHC_PHL,GPRHC_POL,GPRHC_PRT,GPRHC_RUS,GPRHC_SAU,GPRHC_SWE,GPRHC_THA,GPRHC_TUN,GPRHC_TUR,GPRHC_TWN,GPRHC_UKR,GPRHC_USA,GPRHC_VEN,GPRHC_VNM,GPRHC_ZAF
2020-01-01,2020,1,138.4209442138672,104.52386474609375,0.015710918232798576,0.2513746917247772,0.1885310262441635,0.015710918232798576,0.2356637865304947,0.09426551312208176,0.04713275656104088,0.89552241563797,0.09426551312208176,0.754124104976654,0.015710918232798576,0.1885310262441635,0.0628436729311943,0.0,1.021209716796875,0.8798114657402039,0.10997643321752548,0.03142183646559715,0.03142183646559715,0.1885310262441635,0.6127258539199829,0.2513746917247772,0.2513746917247772,0.5341712236404419,0.14139826595783234,0.07855459302663803,0.1728201061487198,0.04713275656104088,0.04713275656104088,0.03142183646559715,0.04713275656104088,0.0,1.1311861276626587,0.8798114657402039,0.04713275656104088,0.09426551312208176,0.0,0.5184603333473206,0.04713275656104088,0.4084838926792145,3.770620584487915,0.1885310262441635,0.1885310262441635,0.0
2020-02-01,2020,2,75.95555877685547,62.85643768310547,0.0,0.16431152820587158,0.08215576410293579,0.016431152820587158,0.1971738487482071,0.09858692437410355,0.016431152820587158,1.0351626873016357,0.032862305641174316,0.44364115595817566,0.016431152820587158,0.1971738487482071,0.13144922256469727,0.016431152820587158,0.47650346159935,0.4272100031375885,0.18074268102645874,0.04929346218705177,0.032862305641174316,0.2300361543893814,0.16431152820587158,0.29576075077056885,0.4272100031375885,0.29576075077056885,0.04929346218705177,0.08215576410293579,0.09858692437410355,0.04929346218705177,0.016431152820587158,0.09858692437410355,0.08215576410293579,0.0,0.7558330297470093,0.2300361543893814,0.04929346218705177,0.08215576410293579,0.016431152820587158,0.41077885031700134,0.08215576410293579,0.2300361543893814,2.2674992084503174,0.16431152820587158,0.08215576410293579,0.016431152820587158
2020-03-01,2020,3,81.54003143310547,80.56129455566406,0.015057973563671112,0.07528986781835556,0.07528986781835556,0.030115947127342224,0.21081162989139557,0.10540581494569778,0.015057973563671112,0.9335943460464478,0.045173920691013336,0.376449316740036,0.015057973563671112,0.15057973563671112,0.2710435092449188,0.030115947127342224,0.33127540349960327,0.6173769235610962,0.10540581494569778,0.015057973563671112,0.015057973563671112,0.16563770174980164,0.19575364887714386,0.511971116065979,0.31621742248535156,0.3915072977542877,0.18069568276405334,0.015057973563671112,0.07528986781835556,0.015057973563671112,0.030115947127342224,0.07528986781835556,0.045173920691013336,0.015057973563671112,0.40656527876853943,0.10540581494569778,0.045173920691013336,0.045173920691013336,0.0,0.21081162989139557,0.045173920691013336,0.015057973563671112,2.845957040786743,0.1355217546224594,0.15057973563671112,0.045173920691013336
2020-04-01,2020,4,69.33940124511719,67.53959655761719,0.04539951682090759,0.10593220591545105,0.03026634454727173,0.18159806728363037,0.04539951682090759,0.015133172273635864,0.0,0.9231234788894653,0.06053268909454346,0.1664648950099945,0.07566586136817932,0.09079903364181519,0.22699758410453796,0.03026634454727173,0.36319613456726074,0.332929790019989,0.09079903364181519,0.015133172273635864,0.06053268909454346,0.19673123955726624,0.10593220591545105,0.22699758410453796,0.18159806728363037,0.18159806728363037,0.09079903364181519,0.03026634454727173,0.015133172273635864,0.06053268909454346,0.04539951682090759,0.03026634454727173,0.07566586136817932,0.0,0.43886199593544006,0.1664648950099945,0.03026634454727173,0.015133172273635864,0.0,0.12106537818908691,0.06053268909454346,0.09079903364181519,2.406174421310425,0.12106537818908691,0.09079903364181519,0.0
2020-05-01,2020,5,68.50721740722656,75.35385131835938,0.0,0.10121457278728485,0.08675535023212433,0.043377675116062164,0.11567380279302597,0.08675535023212433,0.014459225349128246,1.084441900253296,0.0722961276769638,0.36148062348365784,0.0,0.08675535023212433,0.1301330178976059,0.028918450698256493,0.2747252881526947,0.4916136562824249,0.4193175137042999,0.0,0.0,0.2747252881526947,0.08675535023212433,0.0722961276769638,0.08675535023212433,0.2747252881526947,0.15905147790908813,0.057836901396512985,0.043377675116062164,0.014459225349128246,0.014459225349128246,0.014459225349128246,0.043377675116062164,0.014459225349128246,0.3903990685939789,0.10121457278728485,0.028918450698256493,0.0722961276769638,0.0,0.1301330178976059,0.24580682814121246,0.1301330178976059,2.7038750648498535,0.11567380279302597,0.1301330178976059,0.028918450698256493
2020-06-01,2020,6,71.22785949707031,64.8608627319336,0.030585715547204018,0.07646428793668747,0.061171431094408035,0.07646428793668747,0.15292857587337494,0.0,0.0,0.6881785988807678,0.0,0.19880715012550354,0.0,0.0458785742521286,0.061171431094408035,0.015292857773602009,0.3058571517467499,0.5199571847915649,0.2752714455127716,0.030585715547204018,0.030585715547204018,0.33644288778305054,0.10705000907182693,0.061171431094408035,0.10705000907182693,0.25997859239578247,0.10705000907182693,0.061171431094408035,0.07646428793668747,0.015292857773602009,0.030585715547204018,0.07646428793668747,0.061171431094408035,0.0458785742521286,0.5658357739448547,0.0917571485042572,0.030585715547204018,0.0,0.015292857773602009,0.1376357227563858,0.07646428793668747,0.15292857587337494,2.3398072719573975,0.10705000907182693,0.1376357227563858,0.0
2020-07-01,2020,7,66.47328186035156,61.819679260253906,0.029537733644247055,0.14768867194652557,0.04430660232901573,0.05907546728849411,0.14768867194652557,0.029537733644247055,0.029537733644247055,0.8861320614814758,0.04430660232901573,0.22153301537036896,0.014768866822123528,0.07384433597326279,0.04430660232901573,0.014768866822123528,0.3396839499473572,0.3987594246864319,0.36922168731689453,0.029537733644247055,0.07384433597326279,0.23630186915397644,0.2510707378387451,0.1329198032617569,0.1919952780008316,0.29537734389305115,0.08861320465803146,0.04430660232901573,0.014768866822123528,0.0,0.07384433597326279,0.07384433597326279,0.029537733644247055,0.0,0.42829716205596924,0.1329198032617569,0.029537733644247055,0.014768866822123528,0.014768866822123528,0.05907546728849411,0.10338207334280014,0.05907546728849411,2.215330123901367,0.08861320465803146,0.05907546728849411,0.014768866822123528
2020-08-01,2020,8,65.46604919433594,55.42536544799805,0.0,0.11425307393074036,0.07140816748142242,0.07140816748142242,0.08568980544805527,0.02856326848268509,0.0,0.5569837093353271,0.042844902724027634,0.42844900488853455,0.0,0.11425307393074036,0.09997143596410751,0.042844902724027634,0.47129392623901367,0.5712653398513794,0.19994287192821503,0.02856326848268509,0.02856326848268509,0.1570979654788971,0.2570694088935852,0.08568980544805527,0.24278777837753296,0.18566124141216278,0.17137961089611053,0.042844902724027634,0.02856326848268509,0.0,0.014281634241342545,0.02856326848268509,0.08568980544805527,0.0,0.7140817046165466,0.21422450244426727,0.02856326848268509,0.02856326848268509,0.014281634241342545,0.1285347044467926,0.014281634241342545,0.24278777837753296,1.9851471185684204,0.1570979654788971,0.014281634241342545,0.042844902724027634
2020-09-01,2020,9,80.37738037109375,59.53417205810547,0.02982848696410656,0.19388516247272491,0.1640566736459732,0.044742729514837265,0.20879940688610077,0.02982848696410656,0.0,0.6860551834106445,0.01491424348205328,0.5219985246658325,0.01491424348205328,0.11931394785642624,0.07457121461629868,0.01491424348205328,0.700969398021698,0.47725579142570496,0.1342281848192215,0.0,0.02982848696410656,0.10439970344305038,0.23862789571285248,0.14914242923259735,0.19388516247272491,0.20879940688610077,0.11931394785642624,0.02982848696410656,0.11931394785642624,0.02982848696410656,0.02982848696410656,0.02982848696410656,0.01491424348205328,0.02982848696410656,0.8799403309822083,0.14914242923259735,0.08948545902967453,0.02982848696410656,0.0,0.28337061405181885,0.08948545902967453,0.22371365129947662,2.147650957107544,0.14914242923259735,0.01491424348205328,0.02982848696410656
2020-10-01,2020,10,76.08316802978516,54.33878707885742,0.05640953406691551,0.04230714961886406,0.04230714961886406,0.04230714961886406,0.05640953406691551,0.0,0.0,0.2679452896118164,0.014102383516728878,0.2679452896118164,0.028204767033457756,0.09871668368577957,0.04230714961886406,0.05640953406691551,0.3948667347431183,0.2115357518196106,0.028204767033457756,0.028204767033457756,0.0,0.11281906813383102,0.25384289026260376,0.09871668368577957,0.07051191478967667,0.11281906813383102,0.07051191478967667,0.014102383516728878,0.028204767033457756,0.028204767033457756,0.0,0.014102383516728878,0.028204767033457756,0.0,0.5499929785728455,0.11281906813383102,0.014102383516728878,0.014102383516728878,0.0,0.3243548274040222,0.028204767033457756,0.09871668368577957,1.9602313041687012,0.05640953406691551,0.028204767033457756,0.0
2020-11-01,2020,11,70.06746673583984,50.446197509765625,0.014916467480361462,0.05966586992144585,0.08949880301952362,0.04474940150976181,0.04474940150976181,0.014916467480361462,0.0,0.4027446210384369,0.0,0.19391408562660217,0.04474940150976181,0.13424821197986603,0.08949880301952362,0.04474940150976181,0.4027446210384369,0.22374701499938965,0.10441527515649796,0.0,0.0,0.17899760603904724,0.26849642395973206,0.05966586992144585,0.08949880301952362,0.1640811413526535,0.1640811413526535,0.014916467480361462,0.029832934960722923,0.029832934960722923,0.029832934960722923,0.04474940150976181,0.05966586992144585,0.014916467480361462,0.5071598887443542,0.07458233833312988,0.0,0.014916467480361462,0.014916467480361462,0.1640811413526535,0.07458233833312988,0.17899760603904724,1.819809079170227,0.029832934960722923,0.05966586992144585,0.10441527515649796
2020-12-01,2020,12,64.06729125976562,56.59890365600586,0.030935809016227722,0.0773395225405693,0.18561485409736633,0.0773395225405693,0.09280742704868317,0.0,0.015467904508113861,0.4795050323009491,0.030935809016227722,0.46403712034225464,0.04640371352434158,0.10827533155679703,0.1546790450811386,0.0,0.6341840624809265,0.4331013262271881,0.13921113312244415,0.030935809016227722,0.0,0.18561485409736633,0.38669759035110474,0.17014694213867188,0.0773395225405693,0.23201856017112732,0.030935809016227722,0.015467904508113861,0.061871618032455444,0.015467904508113861,0.04640371352434158,0.04640371352434158,0.061871618032455444,0.030935809016227722,0.6960557103157043,0.26295438408851624,0.04640371352434158,0.0,0.015467904508113861,0.23201856017112732,0.030935809016227722,0.09280742704868317,2.0262954235076904,0.17014694213867188,0.015467904508113861,0.061871618032455444
2021-01-01,2021,1,77.418701171875,61.636680603027344,0.014345143921673298,0.04303543269634247,0.04303543269634247,0.08607086539268494,0.04303543269634247,0.0,0.0,0.5164251923561096,0.028690287843346596,0.2582125961780548,0.014345143921673298,0.14345143735408783,0.014345143921673298,0.0,0.40166404843330383,0.34428346157073975,0.05738057568669319,0.014345143921673298,0.028690287843346596,0.10041601210832596,0.1864868700504303,0.05738057568669319,0.14345143735408783,0.27255773544311523,0.10041601210832596,0.0,0.014345143921673298,0.028690287843346596,0.0,0.04303543269634247,0.04303543269634247,0.0,0.35862860083580017,0.28690287470817566,0.0,0.0,0.028690287843346596,0.14345143735408783,0.10041601210832596,0.10041601210832596,2.2234973907470703,0.07172571867704391,0.014345143921673298,0.0
2021-02-01,2021,2,73.95680236816406,52.29450988769531,0.0,0.06505122780799866,0.1788908839225769,0.016262806951999664,0.04878842085599899,0.03252561390399933,0.0,0.5529354214668274,0.0,0.39030736684799194,0.016262806951999664,0.06505122780799866,0.06505122780799866,0.04878842085599899,0.4553585946559906,0.3577817678451538,0.09757684171199799,0.0,0.03252561390399933,0.08131403475999832,0.16262806951999664,0.11383964866399765,0.13010245561599731,0.21141649782657623,0.11383964866399765,0.016262806951999664,0.03252561390399933,0.08131403475999832,0.0,0.016262806951999664,0.08131403475999832,0.016262806951999664,0.5041469931602478,0.19515368342399597,0.03252561390399933,0.04878842085599899,0.0,0.13010245561599731,0.04878842085599899,0.09757684171199799,1.870222806930542,0.06505122780799866,0.04878842085599899,0.04878842085599899
2021-03-01,2021,3,78.61876678466797,53.88631057739258,0.0,0.17806796729564667,0.10387297719717026,0.029677994549274445,0.05935598909854889,0.029677994549274445,0.0,0.7567888498306274,0.05935598909854889,0.2671019434928894,0.04451699182391167,0.05935598909854889,0.05935598909854889,0.014838997274637222,0.41549190878868103,0.35613593459129333,0.11871197819709778,0.029677994549274445,0.0,0.23742395639419556,0.14838996529579163,0.1335509717464447,0.22258494794368744,0.22258494794368744,0.10387297719717026,0.0,0.04451699182391167,0.014838997274637222,0.0,0.014838997274637222,0.04451699182391167,0.0,0.6232378482818604,0.22258494794368744,0.08903398364782333,0.04451699182391167,0.0,0.22258494794368744,0.08903398364782333,0.08903398364782333,1.9439085721969604,0.05935598909854889,0.014838997274637222,0.07419498264789581
2021-04-01,2021,4,88.16622161865234,59.975521087646484,0.0,0.07672242075204849,0.13810035586357117,0.04603344947099686,0.07672242075204849,0.04603344947099686,0.015344483777880669,0.5830903649330139,0.0,0.5217124223709106,0.030688967555761337,0.015344483777880669,0.04603344947099686,0.0,0.6751573085784912,0.5677459239959717,0.0,0.015344483777880669,0.030688967555761337,0.12275587022304535,0.30688968300819397,0.09206689894199371,0.07672242075204849,0.19947828352451324,0.061377935111522675,0.061377935111522675,0.015344483777880669,0.0,0.015344483777880669,0.09206689894199371,0.030688967555761337,0.04603344947099686,0.9513579607009888,0.061377935111522675,0.015344483777880669,0.04603344947099686,0.015344483777880669,0.29154518246650696,0.09206689894199371,0.4296455383300781,2.132883310317993,0.0,0.09206689894199371,0.09206689894199371
2021-05-01,2021,5,93.00713348388672,70.34014892578125,0.029677994549274445,0.029677994549274445,0.1335509717464447,0.11871197819709778,0.10387297719717026,0.11871197819709778,0.0,0.4451698958873749,0.04451699182391167,0.28194093704223633,0.07419498264789581,0.5193648934364319,0.0,0.05935598909854889,0.4748479127883911,0.3264579176902771,0.014838997274637222,0.07419498264789581,0.014838997274637222,0.23742395639419556,1.142602801322937,0.05935598909854889,0.08903398364782333,0.20774595439434052,0.05935598909854889,0.014838997274637222,0.014838997274637222,0.1335509717464447,0.0,0.029677994549274445,0.11871197819709778,0.04451699182391167,0.5638818740844727,0.1929069608449936,0.04451699182391167,0.07419498264789581,0.0,0.16322895884513855,0.04451699182391167,0.20774595439434052,2.522629499435425,0.05935598909854889,0.07419498264789581,0.04451699182391167
2021-06-01,2021,6,74.12712097167969,59.44499588012695,0.0,0.01576789654791355,0.23651844263076782,0.0473036915063858,0.0946073830127716,0.07883948087692261,0.0,0.5518763661384583,0.01576789654791355,0.40996530652046204,0.0,0.11037527769804001,0.0630715861916542,0.0473036915063858,0.40996530652046204,0.5045726895332336,0.11037527769804001,0.01576789654791355,0.01576789654791355,0.0946073830127716,0.2838221490383148,0.1419110745191574,0.07883948087692261,0.22075055539608002,0.0473036915063858,0.01576789654791355,0.0315357930958271,0.0315357930958271,0.0630715861916542,0.0473036915063858,0.0473036915063858,0.0,0.8514664173126221,0.1419110745191574,0.0,0.0630715861916542,0.01576789654791355,0.2680542469024658,0.0473036915063858,0.31535792350769043,2.1286659240722656,0.0315357930958271,0.0315357930958271,0.0
2021-07-01,2021,7,58.42076873779297,46.87572479248047,0.015372790396213531,0.015372790396213531,0.046118371188640594,0.030745580792427063,0.07686395198106766,0.015372790396213531,0.0,0.46118369698524475,0.046118371188640594,0.12298232316970825,0.030745580792427063,0.061491161584854126,0.046118371188640594,0.0,0.26133742928504944,0.21521906554698944,0.07686395198106766,0.0,0.0,0.15372790396213531,0.1383551061153412,0.07686395198106766,0.07686395198106766,0.15372790396213531,0.10760953277349472,0.015372790396213531,0.0,0.046118371188640594,0.030745580792427063,0.015372790396213531,0.030745580792427063,0.0,0.5073020458221436,0.07686395198106766,0.030745580792427063,0.030745580792427063,0.0,0.2459646463394165,0.046118371188640594,0.061491161584854126,1.6756341457366943,0.061491161584854126,0.07686395198106766,0.046118371188640594
2021-08-01,2021,8,89.4865493774414,59.06315994262695,0.0,0.031333230435848236,0.07833307236433029,0.06266646087169647,0.10966630280017853,0.015666615217924118,0.0,0.48566505312919617,0.015666615217924118,0.34466552734375,0.031333230435848236,0.031333230435848236,0.015666615217924118,0.0,0.4073319733142853,0.4386652112007141,0.046999841928482056,0.07833307236433029,0.031333230435848236,0.07833307236433029,0.23499920964241028,0.10966630280017853,0.046999841928482056,0.18799936771392822,0.06266646087169647,0.0,0.031333230435848236,0.046999841928482056,0.031333230435848236,0.015666615217924118,0.06266646087169647,0.0,0.5483314990997314,0.031333230435848236,0.07833307236433029,0.0,0.06266646087169647,0.3289988934993744,0.031333230435848236,0.046999841928482056,2.130659580230713,0.06266646087169647,0.18799936771392822,0.031333230435848236
2021-09-01,2021,9,80.69696807861328,64.56661987304688,0.0,0.38819876313209534,0.10869564861059189,0.09316769987344742,0.1552795022726059,0.0,0.03105590119957924,0.6832298040390015,0.0,0.32608696818351746,0.0,0.04658384993672371,0.07763975113630295,0.01552795059978962,0.590062141418457,0.54347825050354,0.13975155353546143,0.01552795059978962,0.04658384993672371,0.2950310707092285,0.21739129722118378,0.07763975113630295,0.32608696818351746,0.32608696818351746,0.10869564861059189,0.04658384993672371,0.01552795059978962,0.0,0.0,0.0,0.06211180239915848,0.0,0.4658385217189789,0.07763975113630295,0.0,0.01552795059978962,0.01552795059978962,0.12422360479831696,0.18633539974689484,0.07763975113630295,2.329192638397217,0.01552795059978962,0.12422360479831696,0.03105590119957924
2021-10-01,2021,10,79.02923583984375,53.48290252685547,0.04452359676361084,0.16325318813323975,0.10388839244842529,0.029682397842407227,0.10388839244842529,0.07420599460601807,0.0,0.5788067579269409,0.04452359676361084,0.2226179838180542,0.04452359676361084,0.08904719352722168,0.04452359676361084,0.04452359676361084,0.3116651773452759,0.4452359676361084,0.04452359676361084,0.0,0.014841198921203613,0.2226179838180542,0.16325318813323975,0.13357079029083252,0.16325318813323975,0.26714158058166504,0.16325318813323975,0.0,0.04452359676361084,0.05936479568481445,0.04452359676361084,0.029682397842407227,0.029682397842407227,0.0,0.5936479568481445,0.07420599460601807,0.014841198921203613,0.029682397842407227,0.014841198921203613,0.14841198921203613,0.13357079029083252,0.13357079029083252,1.9293558597564697,0.05936479568481445,0.04452359676361084,0.014841198921203613
2021-11-01,2021,11,86.56914520263672,52.67679214477539,0.0,0.1299334019422531,0.19490011036396027,0.01624167524278164,0.06496670097112656,0.048725027590990067,0.03248335048556328,0.5034919381141663,0.03248335048556328,0.48725029826164246,0.03248335048556328,0.11369173228740692,0.03248335048556328,0.03248335048556328,0.3085918426513672,0.38980022072792053,0.03248335048556328,0.08120837807655334,0.01624167524278164,0.06496670097112656,0.22738346457481384,0.11369173228740692,0.08120837807655334,0.11369173228740692,0.1299334019422531,0.03248335048556328,0.08120837807655334,0.03248335048556328,0.048725027590990067,0.03248335048556328,0.4060418903827667,0.0,0.7308754324913025,0.1299334019422531,0.03248335048556328,0.048725027590990067,0.0,0.34107521176338196,0.08120837807655334,0.3248335123062134,1.9002760648727417,0.08120837807655334,0.03248335048556328,0.06496670097112656
2021-12-01,2021,12,105.34542083740234,69.3570785522461,0.0,0.11226944625377655,0.19246190786361694,0.01603849232196808,0.24057738482952118,0.03207698464393616,0.0,0.6255012154579163,0.03207698464393616,0.5453087687492371,0.0801924616098404,0.03207698464393616,0.09623095393180847,0.03207698464393616,0.6415396928787231,0.7538091540336609,0.12830793857574463,0.048115476965904236,0.048115476965904236,0.12830793857574463,0.3047313690185547,0.19246190786361694,0.25661587715148926,0.1443464308977127,0.0801924616098404,0.03207698464393616,0.20850040018558502,0.0801924616098404,0.0,0.048115476965904236,0.24057738482952118,0.0,1.2510024309158325,0.06415396928787231,0.24057738482952118,0.03207698464393616,0.01603849232196808,0.12830793857574463,0.1443464308977127,1.026463508605957,2.502004861831665,0.03207698464393616,0.01603849232196808,0.09623095393180847
2022-01-01,2022,1,138.67498779296875,85.09538269042969,0.016072003170847893,0.19286403059959412,0.5464481115341187,0.032144006341695786,0.19286403059959412,0.1125040203332901,0.0,0.5946640968322754,0.0,0.9000321626663208,0.06428801268339157,0.1125040203332901,0.1125040203332901,0.12857602536678314,0.8518161177635193,0.9803921580314636,0.0,0.032144006341695786,0.032144006341695786,0.20893603563308716,0.19286403059959412,0.16072002053260803,0.16072002053260803,0.3696560561656952,0.09643201529979706,0.016072003170847893,0.1125040203332901,0.14464803040027618,0.0,0.032144006341695786,0.46608808636665344,0.0,1.9447122812271118,0.17679202556610107,0.12857602536678314,0.016072003170847893,0.0,0.20893603563308716,0.08036001026630402,1.7679202556610107,3.0697524547576904,0.1125040203332901,0.06428801268339157,0.032144006341695786
2022-02-01,2022,2,216.1590118408203,120.52434539794922,0.016406890004873276,0.44298604130744934,0.5250204801559448,0.1312551200389862,0.6562756299972534,0.0656275600194931,0.03281378000974655,1.2469236850738525,0.03281378000974655,1.7719441652297974,0.049220673739910126,0.08203445374965668,0.0656275600194931,0.1968826949596405,1.4109926223754883,1.3781788349151611,0.11484823375940323,0.22969646751880646,0.016406890004873276,0.16406890749931335,0.21328958868980408,0.4757998287677765,0.6234618425369263,0.42657917737960815,0.03281378000974655,0.03281378000974655,0.1968826949596405,0.08203445374965668,0.03281378000974655,0.016406890004873276,0.8203445672988892,0.016406890004873276,3.4126334190368652,0.278917133808136,0.14766201376914978,0.016406890004873276,0.016406890004873276,0.3281378149986267,0.16406890749931335,3.2157506942749023,4.331418991088867,0.09844134747982025,0.08203445374965668,0.016406890004873276
2022-03-01,2022,3,318.9549255371094,167.3444061279297,0.015092061832547188,0.34711742401123047,0.6489586234092712,0.045276183634996414,0.5584062933921814,0.07546030730009079,0.0,1.8261394500732422,0.045276183634996414,1.7204949855804443,0.045276183634996414,0.241472989320755,0.15092061460018158,0.1961967945098877,1.4035617113113403,1.977060079574585,0.10564443469047546,0.3923935890197754,0.06036824733018875,0.4074856638908386,0.6791427731513977,0.5131300687789917,0.45276185870170593,0.5282221436500549,0.18110473453998566,0.0,0.241472989320755,0.15092061460018158,0.10564443469047546,0.015092061832547188,1.7054029703140259,0.015092061832547188,5.584062576293945,0.42257773876190186,0.15092061460018158,0.030184123665094376,0.0,0.8753395676612854,0.241472989320755,5.5538787841796875,6.006640434265137,0.22638092935085297,0.06036824733018875,0.030184123665094376
2022-04-01,2022,4,191.14309692382812,127.23625946044922,0.032097578048706055,0.3530733287334442,0.6419515609741211,0.1765366643667221,0.27282941341400146,0.06419515609741211,0.048146363347768784,1.0752688646316528,0.032097578048706055,1.444390892982483,0.032097578048706055,0.14443910121917725,0.25678062438964844,0.14443910121917725,0.8826833367347717,1.4122933149337769,0.09629272669553757,0.1765366643667221,0.08024394512176514,0.3530733287334442,0.32097578048706055,0.3049269914627075,0.27282941341400146,0.36912211775779724,0.1765366643667221,0.032097578048706055,0.25678062438964844,0.09629272669553757,0.12839031219482422,0.016048789024353027,1.123415231704712,0.06419515609741211,3.8838067054748535,0.20863424241542816,0.19258545339107513,0.0,0.032097578048706055,0.48146364092826843,0.1765366643667221,3.931953191757202,4.525758266448975,0.08024394512176514,0.16048789024353027,0.048146363347768784
2022-05-01,2022,5,142.25848388671875,99.60482788085938,0.0,0.20786933600902557,0.31180399656295776,0.07423905283212662,0.2672605812549591,0.14847810566425323,0.0,1.0244989395141602,0.014847810380160809,1.0690423250198364,0.11878248304128647,0.0890868604183197,0.11878248304128647,0.5196733474731445,0.8017817139625549,1.0838900804519653,0.13363029062747955,0.32665181159973145,0.07423905283212662,0.29695621132850647,0.2672605812549591,0.4454343020915985,0.6087601780891418,0.6087601780891418,0.14847810566425323,0.029695620760321617,0.014847810380160809,0.04454343020915985,0.0,0.059391241520643234,0.6087601780891418,0.014847810380160809,2.6726057529449463,0.11878248304128647,0.5196733474731445,0.059391241520643234,0.029695620760321617,0.4454343020915985,0.3414996266365051,2.6280622482299805,3.563474416732788,0.14847810566425323,0.11878248304128647,0.029695620760321617
2022-06-01,2022,6,130.7073211669922,100.10216522216797,0.046296294778585434,0.1697530895471573,0.4166666567325592,0.10802469402551651,0.3395061790943146,0.03086419776082039,0.015432098880410194,0.9876543283462524,0.046296294778585434,1.1265431642532349,0.0,0.3086419701576233,0.43209877610206604,0.5092592835426331,1.0493826866149902,1.1111111640930176,0.06172839552164078,0.18518517911434174,0.03086419776082039,0.5092592835426331,0.2777777910232544,0.6018518805503845,0.5092592835426331,0.5709876418113708,0.06172839552164078,0.03086419776082039,0.15432098507881165,0.0,0.15432098507881165,0.03086419776082039,0.5246913433074951,0.0,2.7469136714935303,0.2777777910232544,0.4938271641731262,0.03086419776082039,0.015432098880410194,0.7407407164573669,0.23148147761821747,2.6543209552764893,3.564814805984497,0.10802469402551651,0.10802469402551651,0.09259258955717087
2022-07-01,2022,7,117.17676544189453,97.2652587890625,0.10964912176132202,0.21929824352264404,0.3602756857872009,0.17230576276779175,0.32894736528396606,0.046992480754852295,0.01566416025161743,0.8302004933357239,0.0,0.8145363330841064,0.06265664100646973,0.21929824352264404,0.28195488452911377,0.2506265640258789,0.5482456088066101,0.8302004933357239,0.06265664100646973,0.10964912176132202,0.17230576276779175,0.3602756857872009,0.42293232679367065,0.26629072427749634,0.23496240377426147,0.2506265640258789,0.03132832050323486,0.03132832050323486,0.18796992301940918,0.14097744226455688,0.31328320503234863,0.0,0.4385964870452881,0.03132832050323486,2.5375940799713135,0.579573929309845,0.18796992301940918,0.06265664100646973,0.046992480754852295,0.7048872113227844,0.28195488452911377,2.553258180618286,3.4774436950683594,0.046992480754852295,0.09398496150970459,0.06265664100646973
2022-08-01,2022,8,132.86322021484375,119.83222198486328,0.04785452410578728,0.28712713718414307,0.09570904821157455,0.11166055500507355,0.1914180964231491,0.04785452410578728,0.015951506793498993,1.3558781147003174,0.04785452410578728,0.49449673295021057,0.09570904821157455,0.30307865142822266,0.031903013586997986,0.1914180964231491,0.6859148144721985,0.6859148144721985,0.30307865142822266,0.09570904821157455,0.07975753396749496,0.33498165011405945,0.33498165011405945,0.031903013586997986,0.7497208714485168,0.33498165011405945,0.15951506793498993,0.06380602717399597,0.14356356859207153,0.09570904821157455,0.07975753396749496,0.12761205434799194,0.1914180964231491,0.0,2.600095748901367,0.14356356859207153,0.09570904821157455,0.04785452410578728,0.015951506793498993,0.3987876772880554,0.7975753545761108,2.3289201259613037,4.290955543518066,0.07975753396749496,0.015951506793498993,0.04785452410578728
2022-09-01,2022,9,131.98587036132812,112.98688507080078,0.0466708168387413,0.2800248861312866,0.35780957341194153,0.0466708168387413,0.24891100823879242,0.0466708168387413,0.0777846947312355,1.2601120471954346,0.0777846947312355,0.9489732384681702,0.1866832673549652,0.0777846947312355,0.062227752059698105,0.12445550411939621,0.8089607954025269,0.9178593754768372,0.155569389462471,0.155569389462471,0.062227752059698105,0.5133789777755737,0.24891100823879242,0.21779713034629822,0.35780957341194153,0.6067206263542175,0.12445550411939621,0.031113876029849052,0.1711263209581375,0.21779713034629822,0.0933416336774826,0.0466708168387413,0.5444928407669067,0.0466708168387413,3.1425015926361084,0.0777846947312355,0.2644679546356201,0.031113876029849052,0.0,0.5756067037582397,0.3889234662055969,2.9247043132781982,4.029246807098389,0.062227752059698105,0.062227752059698105,0.031113876029849052
2022-10-01,2022,10,143.16241455078125,129.13845825195312,0.0,0.07587253302335739,0.500758707523346,0.07587253302335739,0.15174506604671478,0.10622154921293259,0.030349014326930046,1.3505311012268066,0.10622154921293259,1.0925644636154175,0.06069802865386009,0.045523520559072495,0.12139605730772018,0.16691957414150238,1.0773899555206299,0.9863429665565491,0.09104704111814499,0.12139605730772018,0.07587253302335739,0.48558422923088074,0.45523521304130554,0.5766312479972839,0.5311077237129211,0.5462822318077087,0.15174506604671478,0.015174507163465023,0.19726859033107758,0.15174506604671478,0.09104704111814499,0.030349014326930046,0.5311077237129211,0.015174507163465023,3.930197238922119,0.5766312479972839,0.28831562399864197,0.015174507163465023,0.015174507163465023,0.44006070494651794,0.33383914828300476,3.8088011741638184,4.643399238586426,0.21244309842586517,0.09104704111814499,0.07587253302335739
2022-11-01,2022,11,116.7162857055664,100.43695831298828,0.07708911597728729,0.10792475938796997,0.2775208055973053,0.21584951877593994,0.18501387536525726,0.061671290546655655,0.030835645273327827,1.1409188508987427,0.0,0.8633980751037598,0.09250693768262863,0.30835646390914917,0.10792475938796997,0.15417823195457458,0.8171446323394775,0.8633980751037598,0.13876040279865265,0.15417823195457458,0.41628122329711914,0.4316990375518799,0.09250693768262863,0.24668516218662262,0.30835646390914917,0.49337032437324524,0.07708911597728729,0.0,0.15417823195457458,0.24668516218662262,0.061671290546655655,0.030835645273327827,0.5087881684303284,0.015417822636663914,2.744372606277466,0.26210299134254456,0.15417823195457458,0.046253468841314316,0.030835645273327827,0.5242059826850891,0.3546099364757538,2.6827011108398438,3.6077706813812256,0.07708911597728729,0.10792475938796997,0.061671290546655655
2022-12-01,2022,12,111.19593811035156,95.6675796508789,0.03318400681018829,0.2156960368156433,0.16592001914978027,0.06636801362037659,0.2156960368156433,0.06636801362037659,0.0,0.746640145778656,0.06636801362037659,0.5309441089630127,0.06636801362037659,0.04977600648999214,0.19910402595996857,0.08296000957489014,0.5309441089630127,0.7632321119308472,0.016592003405094147,0.08296000957489014,0.18251203000545502,0.26547205448150635,0.16592001914978027,0.14932802319526672,0.19910402595996857,0.2156960368156433,0.13273602724075317,0.0,0.04977600648999214,0.06636801362037659,0.11614401638507843,0.016592003405094147,0.39820805191993713,0.016592003405094147,2.5883524417877197,0.14932802319526672,0.08296000957489014,0.03318400681018829,0.0,0.36502406001091003,0.26547205448150635,2.4556164741516113,3.434544563293457,0.11614401638507843,0.03318400681018829,0.016592003405094147
2023-01-01,2023,1,104.26704406738281,81.17646026611328,0.05020080506801605,0.15060241520404816,0.2175368070602417,0.18406961858272552,0.28447121381759644,0.1004016101360321,0.06693440675735474,0.5522088408470154,0.05020080506801605,0.9538152813911438,0.1004016101360321,0.08366800844669342,0.18406961858272552,0.3012048304080963,0.5689424276351929,0.8032128810882568,0.0,0.16733601689338684,0.06693440675735474,0.23427040874958038,0.2008032202720642,0.2175368070602417,0.2175368070602417,0.3179384171962738,0.11713520437479019,0.0,0.28447121381759644,0.1004016101360321,0.13386881351470947,0.016733601689338684,0.6526104211807251,0.08366800844669342,1.9578313827514648,0.06693440675735474,0.2008032202720642,0.016733601689338684,0.016733601689338684,0.35140562057495117,0.13386881351470947,1.9243640899658203,2.928380250930786,0.06693440675735474,0.06693440675735474,0.016733601689338684
2023-02-01,2023,2,120.99437713623047,100.30805206298828,0.0,0.2852049767971039,0.2495543658733368,0.05347593501210213,0.35650622844696045,0.035650622099637985,0.035650622099637985,1.4616755247116089,0.0,0.8199643492698669,0.10695187002420425,0.17825311422348022,0.08912655711174011,0.16042780876159668,0.8021390438079834,0.855614960193634,0.017825311049818993,0.05347593501210213,0.14260248839855194,0.3030303120613098,0.19607843458652496,0.2495543658733368,0.3921568691730499,0.4991087317466736,0.14260248839855194,0.035650622099637985,0.10695187002420425,0.1247771829366684,0.017825311049818993,0.26737967133522034,0.35650622844696045,0.017825311049818993,2.3529412746429443,0.1247771829366684,0.08912655711174011,0.017825311049818993,0.0,0.6238859295845032,0.3386809229850769,1.9786096811294556,3.6185383796691895,0.0,0.16042780876159668,0.10695187002420425
2023-03-01,2023,3,105.37997436523438,95.41343688964844,0.01662786863744259,0.24941802024841309,0.2161622941493988,0.06651147454977036,0.2161622941493988,0.04988360404968262,0.0,1.4299967288970947,0.01662786863744259,0.8979048728942871,0.03325573727488518,0.03325573727488518,0.0831393450498581,0.11639507859945297,0.5819754004478455,0.8480212688446045,0.09976720809936523,0.11639507859945297,0.0831393450498581,0.4323245882987976,0.2660458981990814,0.2660458981990814,0.3325573801994324,0.5154638886451721,0.09976720809936523,0.01662786863744259,0.06651147454977036,0.04988360404968262,0.04988360404968262,0.1330229490995407,0.3491852283477783,0.01662786863744259,2.4775524139404297,0.4156967103481293,0.14965081214904785,0.0,0.0,0.28267374634742737,0.4156967103481293,2.411041021347046,3.4253408908843994,0.0,0.01662786863744259,0.11639507859945297
2023-04-01,2023,4,106.80965423583984,89.50238800048828,0.0362778902053833,0.1451115608215332,0.23580627143383026,0.23580627143383026,0.2176673263311386,0.01813894510269165,0.0362778902053833,1.1246145963668823,0.05441683158278465,0.6711409687995911,0.01813894510269165,0.45347359776496887,0.09069471806287766,0.12697261571884155,0.7436966896057129,0.6348630785942078,0.0362778902053833,0.12697261571884155,0.0362778902053833,0.2902231216430664,0.41719570755958557,0.12697261571884155,0.34463992714881897,0.4897514879703522,0.09069471806287766,0.01813894510269165,0.16325050592422485,0.0725557804107666,0.2539452314376831,0.05441683158278465,0.30836206674575806,0.01813894510269165,2.176673412322998,0.45347359776496887,0.1451115608215332,0.0,0.09069471806287766,0.3990567624568939,0.41719570755958557,2.031561851501465,3.1743152141571045,0.09069471806287766,0.09069471806287766,0.05441683158278465
2023-05-01,2023,5,108.46768188476562,86.6424331665039,0.03592599183320999,0.16166695952415466,0.16166695952415466,0.26944494247436523,0.14370396733283997,0.05388898774981499,0.0,0.8981497883796692,0.07185198366641998,0.6107418537139893,0.05388898774981499,0.3233339190483093,0.07185198366641998,0.12574097514152527,0.5748158693313599,0.6466678380966187,0.07185198366641998,0.14370396733283997,0.10777797549962997,0.23351895809173584,0.21555595099925995,0.3412969410419464,0.3772229254245758,0.3412969410419464,0.07185198366641998,0.017962995916604996,0.05388898774981499,0.07185198366641998,0.14370396733283997,0.05388898774981499,0.12574097514152527,0.0,1.9938925504684448,0.3592599332332611,0.12574097514152527,0.0,0.017962995916604996,0.5568528771400452,0.23351895809173584,1.7962995767593384,3.125561237335205,0.05388898774981499,0.12574097514152527,0.17962996661663055
2023-06-01,2023,6,110.52894592285156,100.80218505859375,0.0185528751462698,0.0742115005850792,0.3153989017009735,0.0742115005850792,0.18552875518798828,0.0371057502925396,0.0185528751462698,1.094619631767273,0.0185528751462698,0.9647495150566101,0.12987013161182404,0.1484230011701584,0.1484230011701584,0.11131725460290909,0.630797803401947,1.057513952255249,0.09276437759399414,0.12987013161182404,0.055658627301454544,0.24118737876415253,0.20408163964748383,0.18552875518798828,0.18552875518798828,0.44526901841163635,0.0371057502925396,0.0371057502925396,0.12987013161182404,0.18552875518798828,0.3153989017009735,0.0185528751462698,0.12987013161182404,0.0185528751462698,2.5788497924804688,0.33395177125930786,0.20408163964748383,0.0185528751462698,0.0,0.20408163964748383,0.40816327929496765,2.4675323963165283,3.5992579460144043,0.0185528751462698,0.11131725460290909,0.18552875518798828
2023-07-01,2023,7,107.44878387451172,94.53726959228516,0.0,0.1677227020263672,0.18635855615139008,0.07454342395067215,0.07454342395067215,0.037271711975336075,0.0,1.229966402053833,0.018635855987668037,0.9504286050796509,0.07454342395067215,0.11181513220071793,0.1490868479013443,0.2795378267765045,0.6522549390792847,0.6149832010269165,0.11181513220071793,0.1490868479013443,0.07454342395067215,0.18635855615139008,0.39135295152664185,0.22363026440143585,0.2981736958026886,0.5963473916053772,0.11181513220071793,0.018635855987668037,0.24226611852645874,0.11181513220071793,0.20499441027641296,0.05590756610035896,0.4472605288028717,0.037271711975336075,2.2549386024475098,0.07454342395067215,0.4286246597766876,0.037271711975336075,0.0,0.5963473916053772,0.4845322370529175,2.0499441623687744,3.391725778579712,0.018635855987668037,0.1304509937763214,0.11181513220071793
2023-08-01,2023,8,101.14118194580078,74.21984100341797,0.03667705878615379,0.11003117263317108,0.09169264882802963,0.12836970388889313,0.12836970388889313,0.018338529393076897,0.018338529393076897,0.8068953156471252,0.05501558631658554,0.36677059531211853,0.09169264882802963,0.11003117263317108,0.09169264882802963,0.03667705878615379,0.5684943795204163,0.7702182531356812,0.09169264882802963,0.018338529393076897,0.07335411757230759,0.2750779390335083,0.14670823514461517,0.16504676640033722,0.16504676640033722,0.33009353280067444,0.12836970388889313,0.0,0.2384008765220642,0.03667705878615379,0.09169264882802963,0.07335411757230759,0.12836970388889313,0.03667705878615379,1.8338528871536255,0.33009353280067444,0.11003117263317108,0.0,0.03667705878615379,0.29341647028923035,0.18338529765605927,1.485420823097229,2.6407482624053955,0.018338529393076897,0.05501558631658554,0.16504676640033722
2023-09-01,2023,9,98.63481140136719,69.45584869384766,0.03711952641606331,0.20415738224983215,0.07423905283212662,0.11135857552289963,0.24127690494060516,0.03711952641606331,0.0,0.7795100212097168,0.018559763208031654,0.5196733474731445,0.03711952641606331,0.25983667373657227,0.16703785955905914,0.0,0.6124721765518188,0.6310319304466248,0.09279881417751312,0.07423905283212662,0.07423905283212662,0.3711952567100525,0.22271715104579926,0.18559762835502625,0.22271715104579926,0.4083147644996643,0.09279881417751312,0.11135857552289963,0.055679287761449814,0.03711952641606331,0.03711952641606331,0.11135857552289963,0.09279881417751312,0.0,1.6332590579986572,0.22271715104579926,0.14847810566425323,0.055679287761449814,0.07423905283212662,0.4825538098812103,0.18559762835502625,1.3548626899719238,2.505568027496338,0.07423905283212662,0.07423905283212662,0.11135857552289963
2023-10-01,2023,10,197.8870086669922,138.62757873535156,0.01773364096879959,0.1773364096879959,0.2305373251438141,0.08866820484399796,0.28373825550079346,0.07093456387519836,0.01773364096879959,0.9753502607345581,0.05320092290639877,0.47880831360816956,0.05320092290639877,1.507359504699707,0.12413548678159714,0.03546728193759918,0.6384110450744629,0.7980138063430786,0.07093456387519836,0.12413548678159714,0.14186912775039673,0.26600462198257446,3.582195520401001,0.14186912775039673,0.1950700432062149,0.31920552253723145,0.2305373251438141,0.03546728193759918,0.07093456387519836,0.28373825550079346,0.08866820484399796,0.07093456387519836,0.14186912775039673,0.03546728193759918,1.7378968000411987,0.8334811329841614,0.1773364096879959,0.01773364096879959,0.05320092290639877,0.4078737497329712,0.31920552253723145,1.8088313341140747,4.965419292449951,0.07093456387519836,0.03546728193759918,0.01773364096879959
2023-11-01,2023,11,156.69613647460938,138.68270874023438,0.03833620995283127,0.15334483981132507,0.13417673110961914,0.019168104976415634,0.2875215709209442,0.03833620995283127,0.0,0.8242284655570984,0.03833620995283127,0.2683534622192383,0.07667241990566254,1.4759440422058105,0.11500862240791321,0.057504311203956604,0.8433966040611267,0.9584051966667175,0.057504311203956604,0.057504311203956604,0.30668967962265015,0.36419397592544556,3.7186121940612793,0.09584052115678787,0.2875215709209442,0.3450258672237396,0.03833620995283127,0.057504311203956604,0.11500862240791321,0.09584052115678787,0.019168104976415634,0.19168104231357574,0.11500862240791321,0.0,1.2075905799865723,0.3833620846271515,0.019168104976415634,0.24918535351753235,0.0,0.21084915101528168,0.3258577585220337,1.2075905799865723,5.002875328063965,0.0,0.23001724481582642,0.0
2023-12-01,2023,12,142.2794647216797,125.21025085449219,0.05717552825808525,0.15246807038784027,0.17152658104896545,0.03811701759696007,0.228702113032341,0.0,0.0,0.7623403668403625,0.03811701759696007,0.3239946663379669,0.05717552825808525,0.8957499265670776,0.17152658104896545,0.03811701759696007,0.9529255032539368,1.2006860971450806,0.05717552825808525,0.228702113032341,0.09529254585504532,0.2477606236934662,2.7444252967834473,0.228702113032341,0.15246807038784027,0.26681914925575256,0.20964360237121582,0.03811701759696007,0.13340957462787628,0.4764627516269684,0.07623403519392014,0.07623403519392014,0.28587764501571655,0.03811701759696007,1.6771488189697266,0.40022870898246765,0.13340957462787628,0.03811701759696007,0.0,0.20964360237121582,0.19058509171009064,1.524680733680725,4.478749752044678,0.09529254585504532,0.07623403519392014,0.07623403519392014
2024-01-01,2024,1,160.3736572265625,119.98468780517578,0.0,0.1824212223291397,0.13266998529434204,0.03316749632358551,0.13266998529434204,0.1824212223291397,0.0,0.7960199117660522,0.06633499264717102,0.3980099558830261,0.06633499264717102,0.9784411191940308,0.03316749632358551,0.049751244485378265,0.7296848893165588,0.8291873931884766,0.049751244485378265,0.049751244485378265,0.03316749632358551,0.23217247426509857,2.4378108978271484,0.13266998529434204,0.31509122252464294,0.3980099558830261,0.23217247426509857,0.03316749632358551,0.21558871865272522,0.13266998529434204,0.03316749632358551,0.0,0.13266998529434204,0.08291874080896378,1.393034815788269,0.447761207818985,0.016583748161792755,0.016583748161792755,0.016583748161792755,0.2985074520111084,0.31509122252464294,1.4427860975265503,4.04643440246582,0.09950248897075653,0.13266998529434204,0.1492537260055542
2024-02-01,2024,2,146.59817504882812,109.94950103759766,0.12019230425357819,0.13736264407634735,0.15453296899795532,0.13736264407634735,0.12019230425357819,0.05151098966598511,0.03434066101908684,0.6696428656578064,0.03434066101908684,0.5494505763053894,0.03434066101908684,0.8070054650306702,0.13736264407634735,0.15453296899795532,0.7211538553237915,0.7383241653442383,0.01717033050954342,0.10302197933197021,0.03434066101908684,0.2747252881526947,2.3008241653442383,0.08585164695978165,0.12019230425357819,0.15453296899795532,0.15453296899795532,0.01717033050954342,0.08585164695978165,0.03434066101908684,0.06868132203817368,0.0,0.12019230425357819,0.0,1.6483516693115234,0.2918955981731415,0.12019230425357819,0.08585164695978165,0.0,0.2747252881526947,0.20604395866394043,1.5625,3.7603023052215576,0.13736264407634735,0.01717033050954342,0.15453296899795532
2024-03-01,2024,3,133.21316528320312,96.97405242919922,0.015757957473397255,0.12606365978717804,0.20485344529151917,0.07878978550434113,0.12606365978717804,0.03151591494679451,0.03151591494679451,0.7563819885253906,0.047273874282836914,0.47273874282836914,0.047273874282836914,0.6933501362800598,0.11030570417642593,0.07878978550434113,0.6933501362800598,0.567286491394043,0.0,0.03151591494679451,0.06303182989358902,0.20485344529151917,1.9697446823120117,0.20485344529151917,0.17333753407001495,0.2521273195743561,0.15757957100868225,0.047273874282836914,0.015757957473397255,0.06303182989358902,0.03151591494679451,0.06303182989358902,0.22061140835285187,0.0,1.3236684799194336,0.15757957100868225,0.03151591494679451,0.0,0.0,0.299401193857193,0.18909549713134766,1.3236684799194336,3.356445074081421,0.09454774856567383,0.03151591494679451,0.11030570417642593
2024-04-01,2024,4,163.9473419189453,112.007080078125,0.04988360404968262,0.28267374634742737,0.11639507859945297,0.0831393450498581,0.2660458981990814,0.03325573727488518,0.0,0.6318590044975281,0.0831393450498581,0.6152311563491821,0.04988360404968262,0.44895243644714355,0.11639507859945297,0.03325573727488518,0.7981376647949219,1.014299988746643,0.03325573727488518,0.01662786863744259,0.09976720809936523,0.1662786900997162,2.3611574172973633,0.1662786900997162,0.2660458981990814,0.2993016242980957,0.14965081214904785,0.01662786863744259,0.1330229490995407,0.01662786863744259,0.06651147454977036,0.09976720809936523,0.2161622941493988,0.03325573727488518,1.5630196332931519,0.2993016242980957,0.14965081214904785,0.04988360404968262,0.0,0.2660458981990814,0.2993016242980957,1.5131360292434692,3.8410375118255615,0.03325573727488518,0.06651147454977036,0.14965081214904785
2024-05-01,2024,5,130.52186584472656,107.46190643310547,0.0824810266494751,0.1814582645893097,0.1814582645893097,0.0329924114048481,0.0824810266494751,0.0659848228096962,0.01649620570242405,0.85780268907547,0.0659848228096962,0.5608710050582886,0.0329924114048481,0.85780268907547,0.1979544758796692,0.0494886189699173,0.824810266494751,0.6103596091270447,0.01649620570242405,0.0494886189699173,0.0329924114048481,0.1319696456193924,1.798086404800415,0.2474430948495865,0.1484658569097519,0.1814582645893097,0.0989772379398346,0.01649620570242405,0.1319696456193924,0.1319696456193924,0.01649620570242405,0.0329924114048481,0.1814582645893097,0.01649620570242405,1.732101559638977,0.3299241065979004,0.0824810266494751,0.01649620570242405,0.01649620570242405,0.2144506722688675,0.2474430948495865,1.5341471433639526,3.744638681411743,0.0659848228096962,0.0989772379398346,0.1979544758796692
2024-06-01,2024,6,113.0927963256836,86.77111053466797,0.016650017350912094,0.13320013880729675,0.19980019330978394,0.03330003470182419,0.08325008302927017,0.16650016605854034,0.016650017350912094,0.6826506853103638,0.08325008302927017,0.2664002776145935,0.016650017350912094,0.48285049200057983,0.16650016605854034,0.0,0.6993007063865662,0.5161505341529846,0.03330003470182419,0.08325008302927017,0.016650017350912094,0.09990009665489197,1.548451542854309,0.3330003321170807,0.19980019330978394,0.3330003321170807,0.08325008302927017,0.016650017350912094,0.14985014498233795,0.09990009665489197,0.049950048327445984,0.11655011773109436,0.19980019330978394,0.016650017350912094,1.2654012441635132,0.09990009665489197,0.03330003470182419,0.016650017350912094,0.08325008302927017,0.21645021438598633,0.2497502565383911,1.1155511140823364,3.0802531242370605,0.06660006940364838,0.11655011773109436,0.09990009665489197
2024-07-01,2024,7,92.3948745727539,71.84403228759766,0.0,0.050488051027059555,0.11780545115470886,0.0336587019264698,0.050488051027059555,0.08414675295352936,0.0,0.47122180461883545,0.0673174038529396,0.3197576701641083,0.0336587019264698,0.3534163534641266,0.1346348077058792,0.0168293509632349,0.5385392308235168,0.5553685426712036,0.050488051027059555,0.15146414935588837,0.0336587019264698,0.21878156065940857,1.1612251996994019,0.16829350590705872,0.1346348077058792,0.20195220410823822,0.050488051027059555,0.0336587019264698,0.0673174038529396,0.050488051027059555,0.0168293509632349,0.0673174038529396,0.050488051027059555,0.0673174038529396,0.7404913902282715,0.18512284755706787,0.050488051027059555,0.0168293509632349,0.0,0.2524402439594269,0.10097610205411911,0.6563446521759033,2.473914623260498,0.10097610205411911,0.11780545115470886,0.11780545115470886
2024-08-01,2024,8,140.97506713867188,105.30271911621094,0.03288932889699936,0.11511264741420746,0.03288932889699936,0.18089130520820618,0.04933398962020874,0.09866797924041748,0.01644466444849968,0.5920078754425049,0.13155731558799744,0.3124486207962036,0.06577865779399872,0.9044564962387085,0.03288932889699936,0.11511264741420746,0.6906758546829224,0.805788516998291,0.04933398962020874,0.01644466444849968,0.06577865779399872,0.2466699630022049,1.9404703378677368,0.14800196886062622,0.0822233185172081,0.2466699630022049,0.11511264741420746,0.03288932889699936,0.01644466444849968,0.06577865779399872,0.03288932889699936,0.09866797924041748,0.09866797924041748,0.0,1.3813517093658447,0.21378062665462494,0.0,0.04933398962020874,0.0,0.1644466370344162,0.19733595848083496,1.1346818208694458,3.6507153511047363,0.18089130520820618,0.03288932889699936,0.03288932889699936
2024-09-01,2024,9,130.35877990722656,95.69933319091797,0.04979253187775612,0.08298755437135696,0.13278008997440338,0.13278008997440338,0.13278008997440338,0.033195022493600845,0.04979253187775612,0.6970954537391663,0.06639004498720169,0.44813278317451477,0.016597511246800423,0.3817427456378937,0.08298755437135696,0.09958506375551224,0.7634854912757874,0.863070547580719,0.016597511246800423,0.1825726181268692,0.016597511246800423,0.1825726181268692,1.6265560388565063,0.09958506375551224,0.16597510874271393,0.3817427456378937,0.14937759935855865,0.0,0.033195022493600845,0.06639004498720169,0.0,0.08298755437135696,0.14937759935855865,0.033195022493600845,1.2946058511734009,0.11618257313966751,0.033195022493600845,0.033195022493600845,0.0,0.2987551987171173,0.16597510874271393,1.2614108324050903,3.3029046058654785,0.08298755437135696,0.04979253187775612,0.033195022493600845
2024-10-01,2024,10,130.689208984375,90.8945541381836,0.0,0.11306735873222351,0.24228718876838684,0.04845743998885155,0.12921983003616333,0.04845743998885155,0.0,0.7268615961074829,0.0,0.5007268786430359,0.06460991501808167,0.209982231259346,0.016152478754520416,0.17767727375030518,0.6460991501808167,0.6784041523933411,0.03230495750904083,0.06460991501808167,0.11306735873222351,0.08076239377260208,1.7444677352905273,0.1938297599554062,0.25843966007232666,0.419964462518692,0.08076239377260208,0.0,0.08076239377260208,0.06460991501808167,0.016152478754520416,0.0969148799777031,0.209982231259346,0.0,1.2437409162521362,0.2907446324825287,0.14537231624126434,0.016152478754520416,0.0,0.2907446324825287,0.3876595199108124,1.0337586402893066,3.149733543395996,0.04845743998885155,0.04845743998885155,0.06460991501808167
2024-11-01,2024,11,128.90164184570312,94.9615707397461,0.032781511545181274,0.06556302309036255,0.21307982504367828,0.24586133658885956,0.1311260461807251,0.04917226731777191,0.032781511545181274,0.8523193001747131,0.04917226731777191,0.5408949255943298,0.04917226731777191,0.2622520923614502,0.06556302309036255,0.09834453463554382,0.6064579486846924,0.6884117126464844,0.09834453463554382,0.09834453463554382,0.016390755772590637,0.11473529040813446,1.3768234252929688,0.2622520923614502,0.16390755772590637,0.885100781917572,0.09834453463554382,0.0,0.06556302309036255,0.04917226731777191,0.180298313498497,0.04917226731777191,0.1311260461807251,0.0,1.7865923643112183,0.19668906927108765,0.08195377886295319,0.016390755772590637,0.0,0.29503360390663147,0.19668906927108765,1.7046386003494263,3.376495599746704,0.1311260461807251,0.08195377886295319,0.08195377886295319
2024-12-01,2024,12,142.36643981933594,116.5214614868164,0.01729804463684559,0.06919217854738235,0.10378827154636383,0.10378827154636383,0.08649022877216339,0.051894135773181915,0.0,0.7957100868225098,0.06919217854738235,0.4497491717338562,0.03459608927369118,0.2767687141895294,0.03459608927369118,0.06919217854738235,0.726517915725708,1.037882685661316,0.0,0.06919217854738235,0.051894135773181915,0.20757654309272766,1.7989966869354248,0.17298045754432678,0.15568241477012634,0.4497491717338562,0.1383843570947647,0.03459608927369118,0.08649022877216339,0.06919217854738235,0.10378827154636383,0.03459608927369118,0.10378827154636383,0.03459608927369118,2.248745918273926,0.29406675696372986,0.03459608927369118,0.01729804463684559,0.01729804463684559,1.1935651302337646,0.19027850031852722,1.5395259857177734,4.030444622039795,0.01729804463684559,0.051894135773181915,0.1383843570947647
